[
  {
    "id": 1,
    "question": "Which energy source is considered renewable?",
    "choices": ["Coal", "Natural gas", "Solar power", "Nuclear"],
    "correct": "Solar power",
    "explanation": "Solar power comes from sunlight and never runs out."
  },
  {
    "id": 2,
    "question": "Sustainable development aims to balance what?",
    "choices": ["Economic growth with environmental protection", "Population growth and urban sprawl", "Export and import rates", "Industrial output with labor costs"],
    "correct": "Economic growth with environmental protection",
    "explanation": "True sustainability must meet present needs without compromising the environment for future generations."
  },
  {
    "id": 3,
    "question": "Which packaging is most eco-friendly?",
    "choices": ["Plastic wrap", "Biodegradable packaging", "Styrofoam peanuts", "Aluminum foil"],
    "correct": "Biodegradable packaging",
    "explanation": "Biodegradable materials break down naturally and reduce landfill waste."
  },
  {
    "id": 4,
    "question": "Which of the following is a form of green energy?",
    "choices": ["Wind power", "Coal power", "Diesel generators", "Gasoline engines"],
    "correct": "Wind power",
    "explanation": "Wind turbines convert wind into electricity without greenhouse emissions."
  },
  {
    "id": 5,
    "question": "Solar panels convert sunlight into what?",
    "choices": ["Heat", "Electricity", "Chemical energy", "Wind"],
    "correct": "Electricity",
    "explanation": "Photovoltaic cells in solar panels generate electric current from sunlight."
  },
  {
    "id": 6,
    "question": "Wind turbines use wind to generate:",
    "choices": ["Hydraulic pressure", "Electricity", "Steam", "Chemical fuel"],
    "correct": "Electricity",
    "explanation": "Wind turns the blades, spinning a generator to produce electricity."
  },
  {
    "id": 7,
    "question": "Hydropower plants harness what to produce energy?",
    "choices": ["Flowing water", "Tidal waves", "Ocean currents", "Rainfall"],
    "correct": "Flowing water",
    "explanation": "Dams and turbines convert the kinetic energy of moving water into electricity."
  },
  {
    "id": 8,
    "question": "Geothermal energy taps heat from where?",
    "choices": ["The sun", "Fossil fuels", "Earth’s interior", "Ocean surface"],
    "correct": "Earth’s interior",
    "explanation": "Geothermal plants use steam or hot water from underground reservoirs."
  },
  {
    "id": 9,
    "question": "Which material is biodegradable?",
    "choices": ["Plastic bag", "Paper bag", "Aluminum can", "Glass bottle"],
    "correct": "Paper bag",
    "explanation": "Paper breaks down naturally by microorganisms in soil or water."
  },
  {
    "id": 10,
    "question": "Which item is recyclable?",
    "choices": ["Styrofoam block", "Pizza box with grease", "Aluminum can", "Ceramic mug"],
    "correct": "Aluminum can",
    "explanation": "Aluminum can be melted and reformed indefinitely with minimal energy."
  },
  {
    "id": 11,
    "question": "Composting helps reduce what?",
    "choices": ["Carbon footprint", "Organic waste in landfills", "Water usage", "Greenhouse gas emissions"],
    "correct": "Organic waste in landfills",
    "explanation": "Composting turns food scraps and yard waste into nutrient-rich soil rather than sending it to the dump."
  },
  {
    "id": 12,
    "question": "Zero waste strategies aim to eliminate:",
    "choices": ["Air pollution", "Water pollution", "Landfill trash", "Industrial accidents"],
    "correct": "Landfill trash",
    "explanation": "Zero waste focuses on redesigning resources so nothing is sent to landfill."
  },
  {
    "id": 13,
    "question": "Your carbon footprint measures:",
    "choices": ["Money spent on fuel", "Total greenhouse gases you emit", "Distance you drive", "Amount of waste you produce"],
    "correct": "Total greenhouse gases you emit",
    "explanation": "It’s the sum of all CO₂e emissions from your activities."
  },
  {
    "id": 14,
    "question": "Carbon neutral means:",
    "choices": ["No emissions ever", "Net zero emissions", "Only renewable energy used", "Planting trees only"],
    "correct": "Net zero emissions",
    "explanation": "Emissions are balanced by removals, e.g., offsetting carbon with sequestration."
  },
  {
    "id": 15,
    "question": "Which is a major greenhouse gas?",
    "choices": ["Nitrogen (N₂)", "Oxygen (O₂)", "Carbon dioxide (CO₂)", "Argon (Ar)"],
    "correct": "Carbon dioxide (CO₂)",
    "explanation": "CO₂ traps heat and is the largest human-driven contributor to warming."
  },
  {
    "id": 16,
    "question": "Long-term shift in temperatures and weather patterns is called:",
    "choices": ["Global cooling", "Climate change", "Urban heat island", "Ozone depletion"],
    "correct": "Climate change",
    "explanation": "Climate change refers to lasting changes in average weather over decades."
  },
  {
    "id": 17,
    "question": "Global warming refers to increase in:",
    "choices": ["Ocean pH", "Earth’s average surface temperature", "Solar output", "Wind speeds"],
    "correct": "Earth’s average surface temperature",
    "explanation": "Warming is driven by accumulation of greenhouse gases."
  },
  {
    "id": 18,
    "question": "Deforestation is the removal of:",
    "choices": ["Peat bogs", "Grasslands", "Trees", "Wetlands"],
    "correct": "Trees",
    "explanation": "Clearing forests for agriculture or development reduces carbon storage."
  },
  {
    "id": 19,
    "question": "Reforestation involves:",
    "choices": ["Removing invasive species", "Planting trees in deforested areas", "Urban development", "Logging old-growth forests"],
    "correct": "Planting trees in deforested areas",
    "explanation": "It restores forest cover and carbon sequestration."
  },
  {
    "id": 20,
    "question": "Afforestation is planting trees on:",
    "choices": ["Non-forested land", "Parks", "Urban plazas", "Existing forests"],
    "correct": "Non-forested land",
    "explanation": "It creates new forests on land that hasn’t recently held trees."
  },
  {
    "id": 21,
    "question": "Sustainable agriculture focuses on:",
    "choices": ["Maximizing pesticide use", "Short-term profits", "Long-term soil health", "Mono-cropping"],
    "correct": "Long-term soil health",
    "explanation": "Healthy soil boosts yields while protecting ecosystems."
  },
  {
    "id": 22,
    "question": "Organic farming avoids:",
    "choices": ["Crop rotation", "Natural fertilizers", "Synthetic pesticides", "Composting"],
    "correct": "Synthetic pesticides",
    "explanation": "Organic farms rely on natural methods for pest and nutrient management."
  },
  {
    "id": 23,
    "question": "Permaculture design integrates:",
    "choices": ["Intensive tilling", "Natural ecosystems", "Monocultures", "Synthetic fertilizers"],
    "correct": "Natural ecosystems",
    "explanation": "It mimics nature’s patterns to create stable, productive systems."
  },
  {
    "id": 24,
    "question": "Regenerative farming aims to:",
    "choices": ["Deplete resources", "Restore soil health", "Use GMOs exclusively", "Maximize tillage"],
    "correct": "Restore soil health",
    "explanation": "Practices like cover crops and reduced till improve soil carbon and biodiversity."
  },
  {
    "id": 25,
    "question": "Biodiversity refers to:",
    "choices": ["Water quality", "Number of tree rings", "Variety of life", "Air purity"],
    "correct": "Variety of life",
    "explanation": "High biodiversity increases ecosystem resilience."
  },
  {
    "id": 26,
    "question": "An ecosystem includes:",
    "choices": ["Only animals", "Only plants", "Living and non-living interacting parts", "Only water bodies"],
    "correct": "Living and non-living interacting parts",
    "explanation": "Ecosystems are complex webs of organisms plus their environment."
  },
  {
    "id": 27,
    "question": "Conservation is the protection of:",
    "choices": ["Natural resources", "Fast fashion brands", "Industrial byproducts", "Urban sprawl"],
    "correct": "Natural resources",
    "explanation": "It ensures water, soil, air, and biodiversity are preserved."
  },
  {
    "id": 28,
    "question": "Natural resources are:",
    "choices": ["Man-made materials", "Recycled goods", "Materials from Earth", "Plastic products"],
    "correct": "Materials from Earth",
    "explanation": "They include water, minerals, forests, and fossil fuels."
  },
  {
    "id": 29,
    "question": "Circular economy aims to:",
    "choices": ["Use resources once", "Recycle and reuse resources indefinitely", "Increase landfill", "Promote single-use plastics"],
    "correct": "Recycle and reuse resources indefinitely",
    "explanation": "It closes the loop so waste becomes input for new products."
  },
  {
    "id": 30,
    "question": "Which is a primary waste management strategy?",
    "choices": ["Incinerating everything", "Recycling", "Dumping in rivers", "Exporting overseas"],
    "correct": "Recycling",
    "explanation": "Recycling conserves resources and reduces landfill volume."
  },
  {
    "id": 31,
    "question": "Which qualifies as sustainable transportation?",
    "choices": ["Gasoline car", "Public transit", "SUV", "Air taxi"],
    "correct": "Public transit",
    "explanation": "Buses and trains move many people per unit of energy."
  },
  {
    "id": 32,
    "question": "Electric vehicles run on:",
    "choices": ["Gasoline", "Diesel", "Electric batteries", "Hydrogen only"],
    "correct": "Electric batteries",
    "explanation": "They store electricity in rechargeable battery packs."
  },
  {
    "id": 33,
    "question": "Public transit reduces:",
    "choices": ["Ticket sales", "Individual car use", "Bus ridership", "Train schedules"],
    "correct": "Individual car use",
    "explanation": "High transit use lowers traffic congestion and emissions."
  },
  {
    "id": 34,
    "question": "Carpooling reduces:",
    "choices": ["Road quality", "Per-person emissions", "Car maintenance costs", "Bus capacity"],
    "correct": "Per-person emissions",
    "explanation": "Shared rides mean fewer cars on the road and fewer total emissions."
  },
  {
    "id": 35,
    "question": "Bicycling produces:",
    "choices": ["Air pollution", "Noise pollution", "Zero tailpipe emissions", "Coal waste"],
    "correct": "Zero tailpipe emissions",
    "explanation": "Bikes run on human power and don’t burn fossil fuels."
  },
  {
    "id": 36,
    "question": "Eco-tourism focuses on:",
    "choices": ["Luxury resorts", "Low-impact travel", "Offshore drilling", "Shopping malls"],
    "correct": "Low-impact travel",
    "explanation": "It prioritizes cultural respect and environmental protection."
  },
  {
    "id": 37,
    "question": "Sustainable development means:",
    "choices": ["Unlimited resource use", "Meeting present needs without harming future generations", "Focusing only on industry", "Excluding social factors"],
    "correct": "Meeting present needs without harming future generations",
    "explanation": "It balances economic, social, and environmental goals."
  },
  {
    "id": 38,
    "question": "Smart growth helps create:",
    "choices": ["Suburban sprawl", "Sustainable cities", "Industrial wastelands", "Deforested areas"],
    "correct": "Sustainable cities",
    "explanation": "It emphasizes walkable neighborhoods and efficient land use."
  },
  {
    "id": 39,
    "question": "Green architecture incorporates:",
    "choices": ["Standard HVAC only", "Energy-efficient design", "Single-pane windows", "Asphalt roofing"],
    "correct": "Energy-efficient design",
    "explanation": "Features like insulation and natural light reduce energy needs."
  },
  {
    "id": 40,
    "question": "Passive design uses:",
    "choices": ["Electric heaters", "Natural heating and cooling", "Gas stoves", "Mechanical fans only"],
    "correct": "Natural heating and cooling",
    "explanation": "Building orientation and materials regulate indoor climate."
  },
  {
    "id": 41,
    "question": "Energy efficiency reduces:",
    "choices": ["Energy consumption", "Renewable resources", "Building lifespan", "Solar irradiance"],
    "correct": "Energy consumption",
    "explanation": "Efficient appliances and lighting save electricity."
  },
  {
    "id": 42,
    "question": "LED lighting uses:",
    "choices": ["More energy than incandescent", "Equal energy to halogen", "Less electricity than traditional bulbs", "Only fluorescent"],
    "correct": "Less electricity than traditional bulbs",
    "explanation": "LEDs convert a higher percentage of electricity to light."
  },
  {
    "id": 43,
    "question": "A smart grid improves:",
    "choices": ["Road traffic", "Electricity distribution and reliability", "Air travel", "Food supply"],
    "correct": "Electricity distribution and reliability",
    "explanation": "It uses digital communication to optimize energy flow."
  },
  {
    "id": 44,
    "question": "Rainwater harvesting is a method of:",
    "choices": ["Water pollution", "Water conservation", "Air filtration", "Soil erosion"],
    "correct": "Water conservation",
    "explanation": "Capturing rain reduces demand on municipal supplies."
  },
  {
    "id": 45,
    "question": "Greywater recycling reuses:",
    "choices": ["Drinking water", "Wastewater from showers and sinks", "Industrial chemicals", "Storm runoff"],
    "correct": "Wastewater from showers and sinks",
    "explanation": "Treated greywater can irrigate lawns and flush toilets."
  },
  {
    "id": 46,
    "question": "Desalination turns:",
    "choices": ["Rainwater into steam", "Seawater into freshwater", "Wastewater into sludge", "Oil into fuel"],
    "correct": "Seawater into freshwater",
    "explanation": "Reverse osmosis and distillation remove salt for drinking water."
  },
  {
    "id": 47,
    "question": "Sustainable fishing ensures:",
    "choices": ["Unlimited harvest", "Healthy fish populations", "Use of dynamite", "Discarding bycatch"],
    "correct": "Healthy fish populations",
    "explanation": "Quota and gear limits maintain ecosystem balance."
  },
  {
    "id": 48,
    "question": "Wildlife protection aims to:",
    "choices": ["Promote hunting", "Safeguard wild species", "Deforest habitats", "Pollute rivers"],
    "correct": "Safeguard wild species",
    "explanation": "Laws and reserves prevent endangerment and extinction."
  },
  {
    "id": 49,
    "question": "Habitat restoration involves:",
    "choices": ["Building highways", "Renewing degraded ecosystems", "Urban sprawl", "Logging old forests"],
    "correct": "Renewing degraded ecosystems",
    "explanation": "It may include planting native species and removing pollutants."
  },
  {
    "id": 50,
    "question": "Environmental policy sets:",
    "choices": ["Corporate logos", "Economic tariffs only", "Laws and regulations to protect the environment", "Fashion trends"],
    "correct": "Laws and regulations to protect the environment",
    "explanation": "Policies guide actions to reduce pollution and conserve resources."
  }
]
