[
  {
    "id": "policy1",
    "title": "Urban Carbon-Credit Marketplaces",
    "ai_forecast": "150 Mt CO\u2082 traded/year",
    "real_world": "40 Mt CO\u2082 traded (NY & EU)"
  },
  {
    "id": "policy2",
    "title": "Vertical Farming Tax Incentives",
    "ai_forecast": "+30% yield vs. soil farming",
    "real_world": "+12% yield in pilot programs"
  },
  {
    "id": "policy3",
    "title": "Ocean Plastic Deposit Schemes",
    "ai_forecast": "90% reduction in coastal waste",
    "real_world": "20% reduction in Indonesia trial"
  },
  {
    "id": "policy4",
    "title": "Green Roof Mandates for New Buildings",
    "ai_forecast": "\u22122 \u00b0C heat island effect",
    "real_world": "\u22120.5 \u00b0C in NYC pilot zones"
  },
  {
    "id": "policy5",
    "title": "Nationwide EV Charging Corridors",
    "ai_forecast": "80% EV adoption rate",
    "real_world": "25% EV adoption in Norway"
  }
]